{
    "elements": [
        {   "from": [ 0, 0, 0 ],
            "to": [ 16, 16, 16 ],
            "faces": {
                "down":  { "texture": "#down", "cullface": "down" },
                "up":    { "texture": "#up", "cullface": "up" },
                "north": { "texture": "#north", "cullface": "north" },
                "south": { "texture": "#south", "cullface": "south" },
                "west":  { "texture": "#west", "cullface": "west" },
                "east":  { "texture": "#east", "cullface": "east" }
            }
        }
    ],
    "display": {
        "gui": {
            "scale": [ 1.15, 1.15, 1.15 ]
        },
        "ground": {
            "scale":[ 1.5, 1.5, 1.5 ]
        },
        "fixed": {
            "scale":[ 2, 2, 2 ]
        }
    }
}
