{
	"gui_light": "front",
	"elements": [
		{
			"from": [0, 0, 7.5],
			"to": [16, 16, 8.5],
			"rotation": {"angle": 0, "axis": "y", "origin": [8, 8, 8]},
			"faces": {
				"north": {"uv": [16, 0, 0, 16], "texture": "#layer0"},
				"south": {"uv": [0, 0, 16, 16], "texture": "#layer0"}
			}
		},
		{
			"from": [0, 0, 7.5],
			"to": [1, 16, 8.5],
			"rotation": {"angle": 0, "axis": "y", "origin": [8, 8, 8]},
			"faces": {
				"east": {"uv": [0, 0, 1, 16], "texture": "#layer0"},
				"west": {"uv": [0, 0, 1, 16], "texture": "#layer0"}
			}
		},
		{
			"from": [1, 0, 7.5],
			"to": [2, 16, 8.5],
			"rotation": {"angle": 0, "axis": "y", "origin": [8, 8, 8]},
			"faces": {
				"east": {"uv": [1, 0, 2, 16], "texture": "#layer0"},
				"west": {"uv": [1, 0, 2, 16], "texture": "#layer0"}
			}
		},
		{
			"from": [2, 0, 7.5],
			"to": [3, 16, 8.5],
			"rotation": {"angle": 0, "axis": "y", "origin": [8, 8, 8]},
			"faces": {
				"east": {"uv": [2, 0, 3, 16], "texture": "#layer0"},
				"west": {"uv": [2, 0, 3, 16], "texture": "#layer0"}
			}
		},
		{
			"from": [3, 0, 7.5],
			"to": [4, 16, 8.5],
			"rotation": {"angle": 0, "axis": "y", "origin": [8, 8, 8]},
			"faces": {
				"east": {"uv": [3, 0, 4, 16], "texture": "#layer0"},
				"west": {"uv": [3, 0, 4, 16], "texture": "#layer0"}
			}
		},
		{
			"from": [4, 0, 7.5],
			"to": [5, 16, 8.5],
			"rotation": {"angle": 0, "axis": "y", "origin": [8, 8, 8]},
			"faces": {
				"east": {"uv": [4, 0, 5, 16], "texture": "#layer0"},
				"west": {"uv": [4, 0, 5, 16], "texture": "#layer0"}
			}
		},
		{
			"from": [5, 0, 7.5],
			"to": [6, 16, 8.5],
			"rotation": {"angle": 0, "axis": "y", "origin": [8, 8, 8]},
			"faces": {
				"east": {"uv": [5, 0, 6, 16], "texture": "#layer0"},
				"west": {"uv": [5, 0, 6, 16], "texture": "#layer0"}
			}
		},
		{
			"from": [6, 0, 7.5],
			"to": [7, 16, 8.5],
			"rotation": {"angle": 0, "axis": "y", "origin": [8, 8, 8]},
			"faces": {
				"east": {"uv": [6, 0, 7, 16], "texture": "#layer0"},
				"west": {"uv": [6, 0, 7, 16], "texture": "#layer0"}
			}
		},
		{
			"from": [7, 0, 7.5],
			"to": [8, 16, 8.5],
			"rotation": {"angle": 0, "axis": "y", "origin": [8, 8, 8]},
			"faces": {
				"east": {"uv": [7, 0, 8, 16], "texture": "#layer0"},
				"west": {"uv": [7, 0, 8, 16], "texture": "#layer0"}
			}
		},
		{
			"from": [8, 0, 7.5],
			"to": [9, 16, 8.5],
			"rotation": {"angle": 0, "axis": "y", "origin": [8, 8, 8]},
			"faces": {
				"east": {"uv": [8, 0, 9, 16], "texture": "#layer0"},
				"west": {"uv": [8, 0, 9, 16], "texture": "#layer0"}
			}
		},
		{
			"from": [9, 0, 7.5],
			"to": [10, 16, 8.5],
			"rotation": {"angle": 0, "axis": "y", "origin": [8, 8, 8]},
			"faces": {
				"east": {"uv": [9, 0, 10, 16], "texture": "#layer0"},
				"west": {"uv": [9, 0, 10, 16], "texture": "#layer0"}
			}
		},
		{
			"from": [10, 0, 7.5],
			"to": [11, 16, 8.5],
			"rotation": {"angle": 0, "axis": "y", "origin": [8, 8, 8]},
			"faces": {
				"east": {"uv": [10, 0, 11, 16], "texture": "#layer0"},
				"west": {"uv": [10, 0, 11, 16], "texture": "#layer0"}
			}
		},
		{
			"from": [11, 0, 7.5],
			"to": [12, 16, 8.5],
			"rotation": {"angle": 0, "axis": "y", "origin": [8, 8, 8]},
			"faces": {
				"east": {"uv": [11, 0, 12, 16], "texture": "#layer0"},
				"west": {"uv": [11, 0, 12, 16], "texture": "#layer0"}
			}
		},
		{
			"from": [12, 0, 7.5],
			"to": [13, 16, 8.5],
			"rotation": {"angle": 0, "axis": "y", "origin": [8, 8, 8]},
			"faces": {
				"east": {"uv": [12, 0, 13, 16], "texture": "#layer0"},
				"west": {"uv": [12, 0, 13, 16], "texture": "#layer0"}
			}
		},
		{
			"from": [13, 0, 7.5],
			"to": [14, 16, 8.5],
			"rotation": {"angle": 0, "axis": "y", "origin": [8, 8, 8]},
			"faces": {
				"east": {"uv": [13, 0, 14, 16], "texture": "#layer0"},
				"west": {"uv": [13, 0, 14, 16], "texture": "#layer0"}
			}
		},
		{
			"from": [14, 0, 7.5],
			"to": [15, 16, 8.5],
			"rotation": {"angle": 0, "axis": "y", "origin": [8, 8, 8]},
			"faces": {
				"east": {"uv": [14, 0, 15, 16], "texture": "#layer0"},
				"west": {"uv": [14, 0, 15, 16], "texture": "#layer0"}
			}
		},
		{
			"from": [15, 0, 7.5],
			"to": [16, 16, 8.5],
			"rotation": {"angle": 0, "axis": "y", "origin": [8, 8, 8]},
			"faces": {
				"east": {"uv": [15, 0, 16, 16], "texture": "#layer0"},
				"west": {"uv": [15, 0, 16, 16], "texture": "#layer0"}
			}
		},
		{
			"from": [0, 15, 7.5],
			"to": [16, 16, 8.5],
			"faces": {
				"up": {"uv": [0, 0, 16, 1], "texture": "#layer0"},
				"down": {"uv": [0, 0, 16, 1], "texture": "#layer0"}
			}
		},
		{
			"from": [0, 14, 7.5],
			"to": [16, 15, 8.5],
			"faces": {
				"up": {"uv": [0, 1, 16, 2], "texture": "#layer0"},
				"down": {"uv": [0, 1, 16, 2], "texture": "#layer0"}
			}
		},
		{
			"from": [0, 13, 7.5],
			"to": [16, 14, 8.5],
			"faces": {
				"up": {"uv": [0, 2, 16, 3], "texture": "#layer0"},
				"down": {"uv": [0, 2, 16, 3], "texture": "#layer0"}
			}
		},
		{
			"from": [0, 12, 7.5],
			"to": [16, 13, 8.5],
			"faces": {
				"up": {"uv": [0, 3, 16, 4], "texture": "#layer0"},
				"down": {"uv": [0, 3, 16, 4], "texture": "#layer0"}
			}
		},
		{
			"from": [0, 8, 7.5],
			"to": [16, 9, 8.5],
			"faces": {
				"up": {"uv": [0, 7, 16, 8], "texture": "#layer0"},
				"down": {"uv": [0, 7, 16, 8], "texture": "#layer0"}
			}
		},
		{
			"from": [0, 11, 7.5],
			"to": [16, 12, 8.5],
			"faces": {
				"up": {"uv": [0, 4, 16, 5], "texture": "#layer0"},
				"down": {"uv": [0, 4, 16, 5], "texture": "#layer0"}
			}
		},
		{
			"from": [0, 10, 7.5],
			"to": [16, 11, 8.5],
			"faces": {
				"up": {"uv": [0, 5, 16, 6], "texture": "#layer0"},
				"down": {"uv": [0, 5, 16, 6], "texture": "#layer0"}
			}
		},
		{
			"from": [0, 9, 7.5],
			"to": [16, 10, 8.5],
			"faces": {
				"up": {"uv": [0, 6, 16, 7], "texture": "#layer0"},
				"down": {"uv": [0, 6, 16, 7], "texture": "#layer0"}
			}
		},
		{
			"from": [0, 4, 7.5],
			"to": [16, 5, 8.5],
			"faces": {
				"up": {"uv": [0, 11, 16, 12], "texture": "#layer0"},
				"down": {"uv": [0, 11, 16, 12], "texture": "#layer0"}
			}
		},
		{
			"from": [0, 7, 7.5],
			"to": [16, 8, 8.5],
			"faces": {
				"up": {"uv": [0, 8, 16, 9], "texture": "#layer0"},
				"down": {"uv": [0, 8, 16, 9], "texture": "#layer0"}
			}
		},
		{
			"from": [0, 6, 7.5],
			"to": [16, 7, 8.5],
			"faces": {
				"up": {"uv": [0, 9, 16, 10], "texture": "#layer0"},
				"down": {"uv": [0, 9, 16, 10], "texture": "#layer0"}
			}
		},
		{
			"from": [0, 5, 7.5],
			"to": [16, 6, 8.5],
			"faces": {
				"up": {"uv": [0, 10, 16, 11], "texture": "#layer0"},
				"down": {"uv": [0, 10, 16, 11], "texture": "#layer0"}
			}
		},
		{
			"from": [0, 0, 7.5],
			"to": [16, 1, 8.5],
			"faces": {
				"up": {"uv": [0, 15, 16, 16], "texture": "#layer0"},
				"down": {"uv": [0, 15, 16, 16], "texture": "#layer0"}
			}
		},
		{
			"from": [0, 3, 7.5],
			"to": [16, 4, 8.5],
			"faces": {
				"up": {"uv": [0, 12, 16, 13], "texture": "#layer0"},
				"down": {"uv": [0, 12, 16, 13], "texture": "#layer0"}
			}
		},
		{
			"from": [0, 2, 7.5],
			"to": [16, 3, 8.5],
			"faces": {
				"up": {"uv": [0, 13, 16, 14], "texture": "#layer0"},
				"down": {"uv": [0, 13, 16, 14], "texture": "#layer0"}
			}
		},
		{
			"from": [0, 1, 7.5],
			"to": [16, 2, 8.5],
			"faces": {
				"up": {"uv": [0, 14, 16, 15], "texture": "#layer0"},
				"down": {"uv": [0, 14, 16, 15], "texture": "#layer0"}
			}
		}
	],
	"display": {
		"ground": {
			"translation": [0, 2, 0],
			"scale": [0.5, 0.5, 0.5]
		},
		"gui": {
			"rotation": [0, -45, 0],
			"scale": [1.8, 1.8, 1.8]
		},
        "thirdperson": {
            "rotation": [ -90, 0, 0 ],
            "translation": [ 0, 1, -3 ],
            "scale": [ 0.55, 0.55, 0.55 ]
        },
        "firstperson": {
            "rotation": [ 0, -135, 25 ],
            "translation": [ 0, 4, 2 ],
            "scale": [ 1.7, 1.7, 1.7 ]
        },
		"head": {
			"rotation": [0, 180, 0],
			"translation": [0, 13, 7]
		},
		"fixed": {
			"rotation": [0, 180, 0],
			"translation": [0, 0, 1],
			"scale": [1.5, 1.5, 1.5]
		}
	}
}